{
    "$schema": "https://schema.management.azure.com/schemas/2019-04-01/deploymentParameters.json#",
    "contentVersion": "1.0.0.0",
    "parameters": {
        "resourceTags": {
            "value": {
                "Environment": "Prod",
                "Project": "Cars Island"
            }
        },
        "appinsights_name": {
            "value": "appi-cars-island-prod"
        },
        "web_portal_name": {
            "value": "app-cars-island-portal-prod"
        },
        "web_api_name": {
            "value": "app-cars-island-api-prod"
        },
        "web_apps_server_farm_name": {
            "value": "plancarsislandprod"
        },
        "cosmos_database_account_name": {
            "value": "cosmos-cars-island-prod"
        },
        "cosmos_database_name": {
            "value": "cars-island"
        },
        "cosmos_database_car_container_name": {
            "value": "car"
        },
        "cosmos_database_enquiry_container_name": {
            "value": "enquiry"
        },
        "storage_account_name": {
            "value": "stcarsislandprod"
        },
        "keyvault": {
            "value": {
                "name": "kv-cars-island-prod",
                "enabledForDeployment": false,
                "enabledForTemplateDeployment": false,
                "enabledForDiskEncryption": false,
                "enableSoftDelete": false,
                "softDeleteRetentionInDays": 30
            }
        },
        "service_bus_namespace_name": {
            "value": "sb-cars-island-prod"
        },
        "service_bus_queue_name": {
            "value": "reservations"
        },
        "func_apps_server_farm_name": {
            "value": "plancarsislandfuncappprod"
        },
        "func_apps_storage_account_name": {
            "value": "stcarsislandfuncappprod"
        },
        "func_apps_name": {
            "value": "func-cars-island-prod"
        },
        "sendgrid_name": {
            "value": "sendgrid-cars-island-prod"
        },
        "sendgrid_plan_name": {
            "value": "bronze"
        },
        "sendgrid_plan_publisher": {
            "value": "Sendgrid"
        },
        "sendgrid_plan_product": {
            "value": "sendgrid_azure"
        },
        "sendgrid_plan_promotion_code": {
            "value": ""
        },
        "sendgrid_password": {
            "value": ""
        },
        "sendgrid_email": {
            "value": ""
        },
        "sendgrid_firstName": {
            "value": ""
        },
        "sendgrid_lastName": {
            "value": ""
        },
        "sendgrid_company": {
            "value": "Cars Island"
        },
        "sendgrid_website": {
            "value": "techmindfactory.com"
        },
        "sendgrid_acceptMarketingEmails": {
            "value": "0"
        }
    }
}