{
    "$schema": "https://schema.management.azure.com/schemas/2019-04-01/deploymentTemplate.json#",
    "contentVersion": "1.0.0.0",
    "parameters": {
        "rgName": {
            "type":"string",
            "defaultValue":"rg-cars-island-dev"
        },
        "location": {
            "type": "string",
            "defaultValue": "westeurope"
        }
    },
    "functions": [],
    "variables": {},
    "resources": [
        {
            "name": "[parameters('rgName')]",
            "type": "Microsoft.Resources/resourceGroups",
            "apiVersion": "2019-10-01",
            "location": "westeurope",
            "dependsOn": [
            ]
        }
    ],
    "outputs": {}
}