﻿<?xml version="1.0" encoding="UTF-8" standalone="yes"?>
<TrustFrameworkPolicy
  xmlns:xsi="http://www.w3.org/2001/XMLSchema-instance"
  xmlns:xsd="http://www.w3.org/2001/XMLSchema"
  xmlns="http://schemas.microsoft.com/online/cpim/schemas/2013/06"
  PolicySchemaVersion="0.3.0.0"
  TenantId="##TenantId##"
  PolicyId="B2C_1A_SignUpOrSignin"
  PublicPolicyUri="http://##TenantId##/B2C_1A_SignUpOrSignin">

  <BasePolicy>
    <TenantId>##TenantId##</TenantId>
    <PolicyId>B2C_1A_TrustFrameworkExtensions</PolicyId>
  </BasePolicy>

  <RelyingParty>
    <DefaultUserJourney ReferenceId="SignUpOrSignIn" />
    <TechnicalProfile Id="PolicyProfile">
      <DisplayName>PolicyProfile</DisplayName>
      <Protocol Name="OpenIdConnect" />
      <OutputClaims>
        <OutputClaim ClaimTypeReferenceId="displayName" PartnerClaimType="displayName" />
        <OutputClaim ClaimTypeReferenceId="givenName" PartnerClaimType="firstName" />
        <OutputClaim ClaimTypeReferenceId="surname" PartnerClaimType="lastName"/>
        <OutputClaim ClaimTypeReferenceId="signInNames.emailAddress" PartnerClaimType="email" />
        <OutputClaim ClaimTypeReferenceId="objectId" PartnerClaimType="sub"/>
        <OutputClaim ClaimTypeReferenceId="identityProvider" />
        <OutputClaim ClaimTypeReferenceId="tenantId" AlwaysUseDefaultValue="true" DefaultValue="{Policy:TenantObjectId}" />
        <OutputClaim ClaimTypeReferenceId="country" DefaultValue="" />
      </OutputClaims>
      <SubjectNamingInfo ClaimType="sub" />
    </TechnicalProfile>
  </RelyingParty>
</TrustFrameworkPolicy>



