﻿<?xml version="1.0" encoding="utf-8" ?>
<TrustFrameworkPolicy 
  xmlns:xsi="http://www.w3.org/2001/XMLSchema-instance" 
  xmlns:xsd="http://www.w3.org/2001/XMLSchema" 
  xmlns="http://schemas.microsoft.com/online/cpim/schemas/2013/06" 
  PolicySchemaVersion="0.3.0.0" 
  TenantId="##TenantId##" 
  PolicyId="B2C_1A_TrustFrameworkExtensions" 
  PublicPolicyUri="http://##TenantId##/B2C_1A_TrustFrameworkExtensions">
  
  <BasePolicy>
    <TenantId>##TenantId##</TenantId>
    <PolicyId>B2C_1A_TrustFrameworkBase</PolicyId>
  </BasePolicy>
 <BuildingBlocks>

  </BuildingBlocks>

  <ClaimsProviders>

    <ClaimsProvider>
      <DisplayName>Facebook</DisplayName>
      <TechnicalProfiles>
        <TechnicalProfile Id="Facebook-OAUTH">
          <Metadata>
            <Item Key="client_id">##FacebookClientId##</Item>
            <Item Key="scope">email public_profile</Item>
            <Item Key="ClaimsEndpoint">https://graph.facebook.com/me?fields=id,first_name,last_name,name,email</Item>
          </Metadata>
        </TechnicalProfile>
      </TechnicalProfiles>
    </ClaimsProvider>


    <ClaimsProvider>
      <DisplayName>Local Account SignIn</DisplayName>
      <TechnicalProfiles>
        <TechnicalProfile Id="login-NonInteractive">
          <Metadata>
            <Item Key="client_id">##ProxyIdentityExperienceFrameworkAppId##</Item>
            <Item Key="IdTokenAudience">##IdentityExperienceFrameworkAppId##</Item>
          </Metadata>
          <InputClaims>
            <InputClaim ClaimTypeReferenceId="client_id" DefaultValue="##ProxyIdentityExperienceFrameworkAppId##" />
            <InputClaim ClaimTypeReferenceId="resource_id" PartnerClaimType="resource" DefaultValue="##IdentityExperienceFrameworkAppId##" />
          </InputClaims>
        </TechnicalProfile>
      </TechnicalProfiles>
    </ClaimsProvider>

  </ClaimsProviders>

    <!--UserJourneys>
	
	</UserJourneys-->

</TrustFrameworkPolicy>
